Type,Name,Request Count,Failure Count,Median Response Time,Average Response Time,Min Response Time,Max Response Time,Average Content Size,Requests/s,Failures/s,50%,66%,75%,80%,90%,95%,98%,99%,99.9%,99.99%,100%
POST,feedback/[POST_XSS_POST_COMMENT],880,880,29,802.9502680704583,7.026559998848825,8224.484251000831,1887.45,6.843477812079459,6.843477812079459,29,62,1000,1800,3200,3900,5000,6500,8200,8200,8200
GET,product_search/[GET_XSS_FUZZ_GET],1556,1460,5,174.15541603340526,2.230115000202204,8853.95758499908,837.107326478149,12.100513040449588,11.353951824586375,5,7,12,16,37,1200,3500,4100,8100,8900,8900
PUT,user_profile/[PUT_XSS_PROFILE_UPDATE_PUT],306,306,2,3.033858209122853,1.5731800012872554,24.750283000685158,23.0,2.3796638755639936,2.3796638755639936,2,3,3,3,4,6,8,14,25,25,25
POST,user_register/[POST_XSS_EMAIL_POST],600,482,27,923.7124377916584,11.720112999682897,8726.44311499971,157.73333333333332,4.666007599145086,3.7483594379798855,27,57,1400,2200,3800,4400,5400,6200,8700,8700,8700
POST,user_register/[POST_XSS_SECURITY_ANSWER_POST],587,391,28,1292.4380520119557,11.631194000074174,30032.077381001727,132.31175468483815,4.564910767830275,3.040681618776214,28,58,3900,4100,4500,4700,7800,8400,30000,30000,30000
,Aggregated,3929,3519,15,583.2015838808817,1.5731800012872554,30032.077381001727,799.9083736319674,30.554573095068402,27.366134568985927,15,25,41,74,2900,4100,4700,6200,8600,30000,30000
