Type,Name,Request Count,Failure Count,Median Response Time,Average Response Time,Min Response Time,Max Response Time,Average Content Size,Requests/s,Failures/s,50%,66%,75%,80%,90%,95%,98%,99%,99.9%,99.99%,100%
POST,feedback/[POST_XSS_POST_COMMENT],5311,5311,8,15.48873985407296,3.5505529995134566,147.60777300034533,2080.354170589343,8.865506909703136,8.865506909703136,8,11,16,20,38,57,77,88,110,150,150
GET,product_search/[GET_XSS_FUZZ_GET],9021,7065,5,13.540739217720253,1.9781850005529122,384.27355699968757,2635.3392085134687,15.058508347285256,11.79341109340099,5,8,12,15,32,57,96,120,230,380,380
PUT,user_profile/[PUT_XSS_PROFILE_UPDATE_PUT],1788,1788,2,2.993222730982102,1.4262609993238584,27.614711999376595,23.0,2.984659452937151,2.984659452937151,2,2,3,3,6,8,9,10,21,28,28
POST,user_register/[POST_XSS_EMAIL_POST],3589,2021,42,63.928916949846496,3.566981000403757,858.6030859996754,304.77821120089163,5.99101944999521,3.3735999744888043,42,61,79,92,140,190,250,340,540,860,860
POST,user_register/[POST_XSS_SECURITY_ANSWER_POST],3588,264,59,84.86752250726477,3.320634999909089,819.309897000494,336.8999442586399,5.989350177370524,0.44068797291689477,59,83,110,130,180,240,330,430,660,820,820
,Aggregated,23297,16449,10,31.922957538743134,1.4262609993238584,858.6030859996754,1595.3095248315233,38.889044337291274,27.457865403446977,10,25,36,47,84,130,200,250,510,730,860
