Type,Name,Request Count,Failure Count,Median Response Time,Average Response Time,Min Response Time,Max Response Time,Average Content Size,Requests/s,Failures/s,50%,66%,75%,80%,90%,95%,98%,99%,99.9%,99.99%,100%
GET,/rest/products/{product_id}/[GET_SQLi_FUZZ_PATH],3524,3524,10,12.478955055068322,1.4686770000480465,108.44447900035448,2992.076617480136,5.881496229902302,5.881496229902302,10,12,14,15,22,28,33,37,77,110,110
GET,/rest/products/{product_id}/[GET_SQLi_FUZZ_PATH_NO_OBF],1766,1766,10,11.887001133634023,1.503677999608044,84.16624100027548,2755.6240090600227,2.9474240471076802,2.9474240471076802,10,12,13,15,21,27,32,35,43,84,84
GET,product_details/[GET_SQLi_FUZZ_QUERY_ID],5290,5290,5,9.79220326938758,1.8847009996534325,83.12078299968562,1729.2521739130434,8.828920277009983,8.828920277009983,5,13,16,17,21,25,30,34,52,83,83
GET,product_search/[GET_SQLi_FUZZ_GET],8950,5040,7,15.666792379659244,1.7899900003612856,248.21109200001956,5242.394413407821,14.93739820023428,8.411674517226903,7,16,21,25,38,51,70,86,210,250,250
PUT,update_product/[PUT_SQLi_PRODUCT_UPDATE_PUT],1807,1807,2,2.9929393895930216,1.419678000274871,20.46272100051283,23.0,3.0158523517121054,3.0158523517121054,2,3,3,3,6,8,8,10,17,20,20
POST,user_login/[POST_SQLi_EMAIL_POST],3636,3616,16,22.35859891172876,3.483588999188214,219.3032969998967,348.2645764576458,6.068422330285122,6.0350426695024755,16,23,29,32,42,53,74,98,180,220,220
POST,user_login/[POST_SQLi_PASSWORD_POST],3635,3635,20,25.214136176056435,3.2393789997513522,239.4558669993785,25.799449793672625,6.06675334724599,6.06675334724599,20,26,30,34,45,57,75,91,170,240,240
,Aggregated,28608,24678,11,15.217572735915793,1.419678000274871,248.21109200001956,2547.51524049217,47.74626678349746,41.18716343970744,11,16,19,23,33,43,60,76,170,240,250
